Name,age,email,Product,City,Gender
Farrel,26,fcolson0@tuttocitta.it,Oven/stove,Islamabad,Male
Daryle,20,dleahey1@virginia.edu,Air conditioner,Multan,Male
Gnni,85,gwhittles2@yellowbook.com,Vacuum cleaner,Islamabad,Female
Lars,75,lsopp3@google.com.br,Vacuum cleaner,Islamabad,Male
Muhammad,44,mbarff4@cam.ac.uk,Oven/stove,Islamabad,Male
Henderson,18,hphilips5@geocities.jp,Microwave,Multan,Male
Carolan,79,cmullany6@csmonitor.com,Vacuum cleaner,Lahore,Female
Hastie,74,hsplevins7@businessinsider.com,Microwave,Islamabad,Male
Mavis,22,mreavell8@bloglovin.com,Dishwasher,Lahore,Female
Alikee,75,agowman9@goo.gl,Oven/stove,Karachi,Female
Ansell,82,acoppoa@marketwatch.com,Microwave,Lahore,Male
Layne,69,lgrigolettib@lycos.com,Iron,Islamabad,Female
Zebedee,60,zsayersc@bbc.co.uk,Oven/stove,Lahore,Male
Major,35,mshortelld@va.gov,Dishwasher,Multan,Male
Case,58,celiescoe@networksolutions.com,Washing machine,Islamabad,Male
Glen,64,gmarklewf@state.tx.us,Blender,Islamabad,Male
Kathye,57,klinskeyg@nasa.gov,Air conditioner,Multan,Female
Courtenay,56,cmacpadenh@state.gov,Dishwasher,Lahore,Female
Ivor,85,ivassanoi@walmart.com,Refrigerator,Lahore,Male
Lefty,56,ltollandj@theguardian.com,Microwave,Multan,Male
Ransom,61,rthrowerk@tinypic.com,Oven/stove,Lahore,Male
Geri,23,goldlandl@amazon.co.uk,Oven/stove,Karachi,Female
Scarlet,50,skelemenm@taobao.com,Vacuum cleaner,Islamabad,Female
Vere,19,vgammettn@vk.com,Coffee maker,Islamabad,Female
Idaline,81,ibulfito@issuu.com,Air conditioner,Karachi,Female
Leodora,85,ltebbep@whitehouse.gov,Dishwasher,Islamabad,Female
Damian,33,dwaithq@t.co,Refrigerator,Lahore,Male
Jayson,45,jnourser@cbc.ca,Blender,Karachi,Male
Boony,32,bgeraulds@sakura.ne.jp,Washing machine,Islamabad,Male
Saunderson,38,snancet@nifty.com,Coffee maker,Karachi,Male
Janene,29,jgallahueu@creativecommons.org,Washing machine,Multan,Female
Madlen,66,mheadv@earthlink.net,Dishwasher,Islamabad,Female
Dianemarie,75,ddonnw@fc2.com,Refrigerator,Lahore,Female
Jarvis,29,jrushmanx@howstuffworks.com,Washing machine,Karachi,Male
Silvie,58,sbottbyy@abc.net.au,Microwave,Multan,Female
Angeli,49,agoodinsonz@businessinsider.com,Iron,Lahore,Male
Moyna,40,mconnechie10@businessweek.com,Coffee maker,Multan,Female
Cammy,77,carbon11@bluehost.com,Vacuum cleaner,Islamabad,Male
Carmel,74,canshell12@stumbleupon.com,Air conditioner,Karachi,Female
Shanda,72,syouings13@google.nl,Microwave,Multan,Female
Tera,39,tsplevin14@amazon.co.jp,Oven/stove,Islamabad,Female
Gawain,25,gbeumant15@pcworld.com,Oven/stove,Multan,Male
Melvin,71,mskedgell16@wix.com,Oven/stove,Multan,Male
Rockwell,79,rtremeer17@blogger.com,Blender,Islamabad,Male
Collen,27,chuckin18@google.fr,Blender,Lahore,Female
Catie,65,cglenton19@ebay.com,Coffee maker,Multan,Female
Hazel,50,hzielinski1a@ihg.com,Washing machine,Lahore,Female
Malinda,44,msimoneton1b@mayoclinic.com,Dishwasher,Islamabad,Female
Marcie,32,martois1c@nytimes.com,Blender,Lahore,Female
Marillin,48,msuttaby1d@ox.ac.uk,Refrigerator,Multan,Female
Dianne,19,dbauckham1e@dagondesign.com,Iron,Lahore,Female
Hillier,21,hapted1f@multiply.com,Coffee maker,Multan,Male
Cyril,40,cnorsister1g@si.edu,Iron,Lahore,Male
Estevan,42,elillecrop1h@unc.edu,Dishwasher,Karachi,Male
Felice,18,fschriren1i@hubpages.com,Microwave,Lahore,Male
Lincoln,76,lzouch1j@xinhuanet.com,Microwave,Lahore,Male
Piggy,29,pkillby1k@google.de,Oven/stove,Multan,Male
Pearle,44,pleleu1l@harvard.edu,Vacuum cleaner,Multan,Female
Shaylyn,21,sduval1m@amazon.co.jp,Microwave,Multan,Female
Deeann,48,dwedon1n@nasa.gov,Oven/stove,Multan,Female
Skipp,39,skillner1o@youtu.be,Iron,Karachi,Male
Gerry,23,glindenbluth1p@youku.com,Dishwasher,Multan,Female
Cherida,22,clovick1q@europa.eu,Dishwasher,Multan,Female
Hirsch,21,hscrace1r@youtube.com,Refrigerator,Lahore,Male
Stevena,85,smcwhirter1s@issuu.com,Vacuum cleaner,Karachi,Female
Humberto,67,hcullinan1t@ning.com,Air conditioner,Lahore,Male
Caddric,27,cpuvia1u@sun.com,Microwave,Karachi,Male
Madel,48,mcastagneri1v@ft.com,Blender,Lahore,Female
Gabbi,75,gsidwick1w@sitemeter.com,Coffee maker,Lahore,Female
Bennie,66,bbreukelman1x@wikia.com,Washing machine,Karachi,Male
Archy,26,agatward1y@narod.ru,Air conditioner,Multan,Male
David,28,dkeenor1z@nih.gov,Coffee maker,Islamabad,Male
Ellsworth,73,esinnatt20@squarespace.com,Coffee maker,Lahore,Male
Karon,33,kcobden21@live.com,Oven/stove,Islamabad,Female
Kendricks,52,kbowie22@time.com,Oven/stove,Islamabad,Male
Vita,84,vlapree23@samsung.com,Blender,Lahore,Female
Davy,44,dgussie24@macromedia.com,Coffee maker,Lahore,Male
Bernardina,46,bhrycek25@google.co.uk,Vacuum cleaner,Lahore,Female
Lawton,27,llivezey26@wired.com,Iron,Multan,Male
Gerick,27,gswain27@drupal.org,Dishwasher,Lahore,Male
Celene,34,colliver28@whitehouse.gov,Dishwasher,Islamabad,Female
Demetra,81,dmacpaike29@livejournal.com,Microwave,Lahore,Female
Avis,44,adantesia2a@nhs.uk,Washing machine,Multan,Female
Alexandre,69,ahulstrom2b@merriam-webster.com,Oven/stove,Multan,Male
Catrina,70,cmackereth2c@nsw.gov.au,Coffee maker,Lahore,Female
Brad,24,bofeeney2d@blogspot.com,Vacuum cleaner,Lahore,Male
Anthia,72,agiannazzo2e@cocolog-nifty.com,Coffee maker,Islamabad,Female
Benita,84,bduffus2f@senate.gov,Oven/stove,Karachi,Female
Bentlee,73,bayres2g@bigcartel.com,Blender,Multan,Male
Godfry,21,gocannavan2h@wordpress.org,Dishwasher,Karachi,Male
Marcie,36,mklimowicz2i@bbc.co.uk,Microwave,Lahore,Female
Marsiella,29,moakenford2j@cafepress.com,Oven/stove,Multan,Female
Kahlil,29,kdart2k@yellowpages.com,Coffee maker,Lahore,Male
Brook,67,bpowland2l@feedburner.com,Vacuum cleaner,Islamabad,Female
Keriann,46,kwestcot2m@addthis.com,Washing machine,Lahore,Female
Tobin,27,tcramb2n@plala.or.jp,Coffee maker,Multan,Male
Glynnis,24,gmoutrayread2o@japanpost.jp,Oven/stove,Islamabad,Female
Cookie,82,cmacneilley2p@twitpic.com,Iron,Karachi,Female
Jobyna,64,jsedgefield2q@addthis.com,Washing machine,Lahore,Female
Carly,71,cguilbert2r@1688.com,Coffee maker,Multan,Male
Dena,28,dbothbie2s@list-manage.com,Coffee maker,Multan,Female
Noemi,74,nkineton2t@webnode.com,Oven/stove,Islamabad,Female
Amalia,22,aomara2u@mozilla.com,Blender,Islamabad,Female
Merissa,28,mhaysar2v@statcounter.com,Coffee maker,Lahore,Female
Esmeralda,47,ebazley2w@histats.com,Refrigerator,Karachi,Female
Cullie,34,cdiggar2x@artisteer.com,Coffee maker,Lahore,Male
Roderigo,22,rpatching2y@facebook.com,Washing machine,Multan,Male
Myrtle,21,mgerard2z@ezinearticles.com,Oven/stove,Lahore,Female
Marianna,44,mfernando30@eventbrite.com,Oven/stove,Islamabad,Female
Killie,21,khuntriss31@yahoo.com,Blender,Islamabad,Male
Mady,51,mcombes32@icio.us,Iron,Lahore,Female
Marne,63,mmacinerney33@google.co.jp,Refrigerator,Multan,Female
Giraud,31,gurpeth34@nba.com,Iron,Islamabad,Male
Florian,20,fchoake35@nymag.com,Dishwasher,Islamabad,Male
Doti,54,dollin36@topsy.com,Washing machine,Multan,Female
Barny,74,blathleiffure37@sciencedaily.com,Microwave,Karachi,Male
Gianina,85,gfardon38@umich.edu,Air conditioner,Karachi,Female
Cyndia,41,crickards39@wunderground.com,Coffee maker,Lahore,Female
Arri,73,amclarnon3a@people.com.cn,Coffee maker,Lahore,Male
Mack,76,mainsbury3b@reuters.com,Air conditioner,Karachi,Male
Rodina,80,rkeuning3c@amazon.de,Vacuum cleaner,Islamabad,Female
Pietro,83,pcuncliffe3d@epa.gov,Dishwasher,Karachi,Male
Martino,61,mgrinov3e@mail.ru,Microwave,Karachi,Male
Deni,34,dvido3f@wix.com,Coffee maker,Karachi,Female
Leonard,58,lpidgeley3g@unicef.org,Oven/stove,Karachi,Male
Sterling,80,sgidley3h@nhs.uk,Vacuum cleaner,Islamabad,Male
Puff,34,pvinton3i@ehow.com,Vacuum cleaner,Lahore,Male
Allianora,67,amochar3j@mlb.com,Air conditioner,Multan,Female
Lonnard,20,lsmithson3k@redcross.org,Air conditioner,Islamabad,Male
Brenden,57,bfilippov3l@flavors.me,Microwave,Multan,Male
Blancha,59,bganforthe3m@census.gov,Washing machine,Lahore,Female
Barnabas,68,bwadge3n@diigo.com,Oven/stove,Multan,Male
Leslie,25,lsugg3o@angelfire.com,Blender,Lahore,Male
Michele,31,mhardwidge3p@princeton.edu,Vacuum cleaner,Lahore,Female
Gretna,26,gstendall3q@sciencedirect.com,Washing machine,Lahore,Female
Mariann,43,mbenam3r@sfgate.com,Blender,Lahore,Female
Irwinn,45,ifreshwater3s@twitter.com,Coffee maker,Multan,Male
Cassandre,64,ctregale3t@toplist.cz,Vacuum cleaner,Karachi,Female
Egbert,21,ekenwell3u@umich.edu,Refrigerator,Multan,Male
Lucio,66,llabadini3v@symantec.com,Dishwasher,Lahore,Male
Kelley,62,kpatillo3w@bigcartel.com,Refrigerator,Multan,Male
Lovell,30,lbertrand3x@unesco.org,Dishwasher,Multan,Male
Chrotoem,25,cportis3y@exblog.jp,Oven/stove,Karachi,Male
Ingram,67,iraimbauld3z@tumblr.com,Air conditioner,Multan,Male
My,33,mlosseljong40@mysql.com,Coffee maker,Multan,Male
Josey,69,jemery41@friendfeed.com,Dishwasher,Karachi,Female
Cornelia,77,ccicconetti42@joomla.org,Vacuum cleaner,Islamabad,Female
Jeralee,59,jclampett43@cornell.edu,Refrigerator,Lahore,Female
Delores,72,drays44@de.vu,Refrigerator,Islamabad,Female
Rona,78,rcundy45@dagondesign.com,Refrigerator,Karachi,Female
Gael,30,gjoiris46@ibm.com,Washing machine,Lahore,Male
Ben,82,bpoleykett47@dell.com,Washing machine,Islamabad,Male
Godfrey,41,gsliney48@discovery.com,Refrigerator,Karachi,Male
Sergeant,45,smasic49@hatena.ne.jp,Refrigerator,Lahore,Male
Lyda,78,lklees4a@lulu.com,Washing machine,Islamabad,Female
Hollie,59,hmettricke4b@baidu.com,Iron,Islamabad,Female
Araldo,35,akopp4c@dedecms.com,Iron,Lahore,Male
Julienne,47,jelvey4d@weebly.com,Iron,Islamabad,Female
Hillard,34,hnizet4e@tmall.com,Dishwasher,Karachi,Male
Claudina,67,chillatt4f@artisteer.com,Air conditioner,Multan,Female
Hetti,38,hlemerchant4g@taobao.com,Blender,Lahore,Female
Hilarius,23,hroles4h@1und1.de,Dishwasher,Lahore,Male
Eldin,37,esvanetti4i@nydailynews.com,Microwave,Multan,Male
Roderich,72,rleguey4j@mlb.com,Coffee maker,Multan,Male
Eugine,18,eupward4k@vkontakte.ru,Refrigerator,Lahore,Female
Marrilee,30,mhamer4l@t-online.de,Refrigerator,Multan,Female
Letty,32,lramalho4m@addtoany.com,Air conditioner,Islamabad,Female
Gaven,46,gjeness4n@twitpic.com,Iron,Islamabad,Male
Thebault,21,treisin4o@simplemachines.org,Microwave,Lahore,Male
Osborn,38,oponte4p@cdc.gov,Vacuum cleaner,Multan,Male
Florance,28,fweatherburn4q@nature.com,Blender,Lahore,Female
Jedidiah,80,jdepietri4r@printfriendly.com,Refrigerator,Islamabad,Male
Thaddeus,37,thurlston4s@desdev.cn,Iron,Karachi,Male
Fanechka,76,fcockerell4t@bravesites.com,Microwave,Karachi,Female
Alaster,22,ahallstone4u@psu.edu,Air conditioner,Lahore,Male
Tod,61,tlias4v@photobucket.com,Coffee maker,Islamabad,Male
Drugi,57,ddampney4w@freewebs.com,Dishwasher,Multan,Male
Dallis,67,dvowell4x@yale.edu,Dishwasher,Multan,Male
Ernesta,54,emaven4y@nhs.uk,Microwave,Multan,Female
Peri,64,pwellbeloved4z@wordpress.org,Vacuum cleaner,Islamabad,Female
Antonino,60,atripett50@com.com,Dishwasher,Multan,Male
Katee,33,kcorbert51@paypal.com,Air conditioner,Karachi,Female
Anatol,30,atwyford52@123-reg.co.uk,Iron,Lahore,Male
Daria,47,drawstorne53@canalblog.com,Blender,Islamabad,Female
Nicolina,35,nkopfer54@miibeian.gov.cn,Dishwasher,Islamabad,Female
Charyl,48,ccorzor55@toplist.cz,Blender,Islamabad,Female
Concordia,21,cmercey56@patch.com,Air conditioner,Lahore,Female
Nyssa,35,nantonognoli57@who.int,Coffee maker,Lahore,Female
Michaelina,53,mjankowski58@tmall.com,Iron,Karachi,Female
Abraham,24,ahartfield59@google.co.uk,Dishwasher,Islamabad,Male
Babbie,57,btheseira5a@google.co.jp,Air conditioner,Karachi,Female
Charmain,71,cmetherell5b@ameblo.jp,Microwave,Multan,Female
Garik,77,gstearnes5c@ft.com,Oven/stove,Multan,Male
Cecil,71,cbilofsky5d@angelfire.com,Coffee maker,Multan,Male
Calvin,50,cvernazza5e@last.fm,Coffee maker,Karachi,Male
Cullie,22,cgarlette5f@apache.org,Dishwasher,Karachi,Male
Yolanda,64,ydoherty5g@thetimes.co.uk,Vacuum cleaner,Multan,Female
Duffy,33,dnoirel5h@ow.ly,Refrigerator,Islamabad,Male
Emlen,27,enarracott5i@addthis.com,Oven/stove,Multan,Male
Tremaine,21,tcawsey5j@cargocollective.com,Oven/stove,Karachi,Male
Lyndsey,52,ltharme5k@amazon.co.jp,Dishwasher,Islamabad,Female
Maud,29,mdibbe5l@google.es,Vacuum cleaner,Lahore,Female
Yulma,34,ylebel5m@ibm.com,Oven/stove,Multan,Male
Linus,68,lcrimmins5n@nps.gov,Coffee maker,Lahore,Male
Selig,41,sblaine5o@latimes.com,Washing machine,Multan,Male
Reine,67,rdurnell5p@nba.com,Air conditioner,Multan,Female
Abdel,76,aalbisser5q@cyberchimps.com,Microwave,Islamabad,Male
Fanchette,51,fraybould5r@elpais.com,Coffee maker,Multan,Female
Evita,27,ecrudgington5s@hugedomains.com,Dishwasher,Lahore,Female
Lilith,45,lblodg5t@addtoany.com,Air conditioner,Karachi,Female
Redford,33,rnoah5u@smugmug.com,Washing machine,Multan,Male
Ainsley,69,amertsching5v@posterous.com,Iron,Lahore,Female
Aurelea,21,atollett5w@salon.com,Blender,Karachi,Female
Anette,64,acowsby5x@sfgate.com,Air conditioner,Islamabad,Female
Florenza,28,fcorbet5y@e-recht24.de,Oven/stove,Karachi,Female
Brooks,29,bchasemore5z@t-online.de,Blender,Karachi,Male
Dicky,62,dbenesevich60@sfgate.com,Refrigerator,Islamabad,Male
Dixie,63,dcressingham61@buzzfeed.com,Iron,Karachi,Female
Guthrey,56,ganthoin62@uiuc.edu,Air conditioner,Multan,Male
Carce,52,cjaggli63@toplist.cz,Microwave,Karachi,Male
Persis,28,pgrassett64@biblegateway.com,Refrigerator,Multan,Female
Tarah,56,tpoplee65@usgs.gov,Dishwasher,Lahore,Female
Haley,67,hmosdill66@hubpages.com,Washing machine,Karachi,Male
Bentlee,82,bcamilleri67@cam.ac.uk,Washing machine,Multan,Male
Harbert,19,hrulten68@pagesperso-orange.fr,Refrigerator,Islamabad,Male
Laurice,35,lkenlin69@nytimes.com,Dishwasher,Lahore,Female
Rene,31,rgodon6a@twitpic.com,Blender,Karachi,Male
Asia,23,astrelitzer6b@businessweek.com,Air conditioner,Karachi,Female
Hillyer,57,harmatys6c@google.pl,Microwave,Islamabad,Male
Sherlocke,31,sloughead6d@t.co,Iron,Multan,Male
Loise,33,lferrao6e@fc2.com,Air conditioner,Karachi,Female
Dalia,79,drivelin6f@addtoany.com,Refrigerator,Multan,Female
Jermain,48,jrainton6g@sogou.com,Refrigerator,Multan,Male
Ellerey,32,eorsay6h@usda.gov,Vacuum cleaner,Islamabad,Male
Alika,47,asidaway6i@miitbeian.gov.cn,Coffee maker,Multan,Female
Maurine,70,mvandijk6j@jiathis.com,Iron,Lahore,Female
Goldie,28,gblakden6k@hostgator.com,Microwave,Islamabad,Female
Eugen,53,erosita6l@lulu.com,Washing machine,Islamabad,Male
Randolf,46,rgallehock6m@shinystat.com,Oven/stove,Islamabad,Male
Johnnie,32,jberk6n@un.org,Air conditioner,Islamabad,Male
Wilie,26,wspens6o@sourceforge.net,Microwave,Multan,Female
Alleen,33,aportwaine6p@stanford.edu,Refrigerator,Multan,Female
Iago,33,ierswell6q@rambler.ru,Air conditioner,Lahore,Male
Englebert,77,ekalisz6r@paypal.com,Microwave,Lahore,Male
Cherida,79,coverthrow6s@newyorker.com,Vacuum cleaner,Islamabad,Female
Chandra,18,chogben6t@techcrunch.com,Refrigerator,Lahore,Female
Giffard,18,gburkett6u@wsj.com,Air conditioner,Lahore,Male
Annaliese,35,awinward6v@cnn.com,Dishwasher,Multan,Female
Rock,83,rbolver6w@mozilla.com,Washing machine,Karachi,Male
Maurine,32,mquail6x@clickbank.net,Iron,Islamabad,Female
Shirl,26,skirsop6y@springer.com,Vacuum cleaner,Multan,Female
Melonie,57,mdurrad6z@ovh.net,Dishwasher,Karachi,Female
Dunn,52,dhadwin70@google.com,Air conditioner,Islamabad,Male
Toby,82,twillowby71@webs.com,Refrigerator,Lahore,Male
Reese,62,rvanderkrui72@msn.com,Washing machine,Islamabad,Male
Jori,83,jhightown73@columbia.edu,Vacuum cleaner,Islamabad,Female
Wade,52,wtownes74@cafepress.com,Air conditioner,Islamabad,Male
Shandee,50,sfranzonello75@goo.gl,Iron,Lahore,Female
Timofei,58,tdiggins76@whitehouse.gov,Vacuum cleaner,Lahore,Male
Tristan,47,tgurg77@mediafire.com,Microwave,Multan,Male
Doralynne,41,dpieterick78@irs.gov,Blender,Karachi,Female
Northrup,46,nmerrin79@goo.gl,Coffee maker,Lahore,Male
Marguerite,30,myashin7a@cpanel.net,Refrigerator,Karachi,Female
Helga,53,hclaiton7b@privacy.gov.au,Vacuum cleaner,Islamabad,Female
Sela,58,slampet7c@amazon.de,Dishwasher,Multan,Female
Sandy,75,sriste7d@stanford.edu,Iron,Karachi,Female
Kori,38,ktytcomb7e@weibo.com,Vacuum cleaner,Islamabad,Female
Shayne,18,smorena7f@oaic.gov.au,Washing machine,Multan,Female
Olivette,39,ofussell7g@goodreads.com,Coffee maker,Multan,Female
Zulema,49,zlechmere7h@symantec.com,Dishwasher,Karachi,Female
Zak,76,zdemageard7i@admin.ch,Air conditioner,Multan,Male
Dionisio,61,dvanvelden7j@t-online.de,Air conditioner,Multan,Male
Dyan,53,dstiger7k@example.com,Refrigerator,Multan,Female
Dot,37,drainbow7l@princeton.edu,Coffee maker,Lahore,Female
Ashby,71,adyerson7m@umich.edu,Blender,Lahore,Male
Rafael,60,rglasby7n@squarespace.com,Washing machine,Islamabad,Male
Coop,43,cadamiak7o@blogspot.com,Air conditioner,Multan,Male
Suzann,76,spetts7p@people.com.cn,Dishwasher,Multan,Female
Thedric,66,tmccurrie7q@columbia.edu,Refrigerator,Multan,Male
Isaiah,81,ikremer7r@youku.com,Microwave,Multan,Male
Taylor,25,tspadotto7s@army.mil,Blender,Multan,Male
Egbert,33,egiraldez7t@comsenz.com,Dishwasher,Karachi,Male
Gus,72,gganders7u@163.com,Air conditioner,Karachi,Female
Jodi,50,jstarsmore7v@alibaba.com,Washing machine,Islamabad,Female
Bibbie,36,bissac7w@rambler.ru,Vacuum cleaner,Islamabad,Female
Morris,66,mbenford7x@aboutads.info,Microwave,Multan,Male
Fey,42,fwinslet7y@europa.eu,Oven/stove,Karachi,Female
Dyana,75,driddiough7z@wired.com,Coffee maker,Lahore,Female
Yance,60,ychaikovski80@adobe.com,Refrigerator,Islamabad,Male
Aloysia,29,adowbiggin81@jiathis.com,Dishwasher,Islamabad,Female
Teodorico,66,tmccaghan82@issuu.com,Iron,Karachi,Male
Sheelah,70,sdankov83@microsoft.com,Oven/stove,Lahore,Female
Terrance,31,tashbey84@netscape.com,Oven/stove,Lahore,Male
Caro,44,clennie85@dmoz.org,Washing machine,Karachi,Female
Bella,50,bslader86@buzzfeed.com,Coffee maker,Multan,Female
Rosanna,30,rblaik87@google.de,Iron,Multan,Female
Lexy,84,ltraite88@exblog.jp,Coffee maker,Lahore,Female
Dino,79,dcasel89@altervista.org,Oven/stove,Lahore,Male
Guido,32,gbensley8a@theguardian.com,Oven/stove,Islamabad,Male
Matthiew,24,mlansberry8b@java.com,Iron,Lahore,Male
Stanislas,56,starzey8c@amazon.de,Dishwasher,Multan,Male
Lissie,33,lboatwright8d@miitbeian.gov.cn,Iron,Multan,Female
Derry,44,dborland8e@ustream.tv,Dishwasher,Lahore,Male
Taddeo,38,tserjeant8f@mit.edu,Air conditioner,Islamabad,Male
Gar,61,ggrinyov8g@github.io,Blender,Karachi,Male
Rainer,22,rcarlill8h@eventbrite.com,Vacuum cleaner,Islamabad,Male
Weidar,64,wgate8i@tinypic.com,Iron,Islamabad,Male
Valentine,72,vdemars8j@netscape.com,Dishwasher,Karachi,Female
Chevy,85,cgookey8k@wikia.com,Oven/stove,Lahore,Male
Greg,66,ggoodricke8l@mac.com,Air conditioner,Lahore,Male
Reed,18,rpatrick8m@gravatar.com,Vacuum cleaner,Lahore,Male
Jordanna,72,jhatz8n@taobao.com,Washing machine,Lahore,Female
Vitia,61,vhumberstone8o@blogger.com,Blender,Lahore,Female
Haskell,61,hbispham8p@miitbeian.gov.cn,Washing machine,Islamabad,Male
Zita,32,zbatchan8q@amazon.co.jp,Blender,Islamabad,Female
Randi,78,rassad8r@wikia.com,Vacuum cleaner,Islamabad,Male
Gearard,57,glanglois8s@wix.com,Blender,Multan,Male
Ines,35,imcgaughay8t@bravesites.com,Air conditioner,Lahore,Female
Alyss,36,apearl8u@privacy.gov.au,Oven/stove,Karachi,Female
Merrile,64,mhanhart8v@businesswire.com,Oven/stove,Islamabad,Female
Ernestus,68,ekoschke8w@delicious.com,Coffee maker,Multan,Male
Shantee,77,schriston8x@histats.com,Vacuum cleaner,Karachi,Female
Sonny,84,sannett8y@tmall.com,Coffee maker,Karachi,Male
Kally,18,kmccunn8z@bing.com,Washing machine,Multan,Female
Valentine,32,vshelvey90@google.it,Iron,Karachi,Female
Larine,47,ljeandot91@sphinn.com,Washing machine,Lahore,Female
Celestia,22,cpawden92@amazon.com,Air conditioner,Karachi,Female
Eldon,41,ewesthofer93@home.pl,Refrigerator,Islamabad,Male
Martelle,32,mmouan94@nih.gov,Air conditioner,Multan,Female
Donni,52,dhamman95@arizona.edu,Microwave,Karachi,Female
Salvatore,83,smallard96@un.org,Microwave,Karachi,Male
Giles,51,gciccottini97@dell.com,Air conditioner,Islamabad,Male
Craig,24,clorence98@washingtonpost.com,Washing machine,Multan,Male
Sig,75,srutigliano99@1688.com,Oven/stove,Karachi,Male
Isahella,85,imathouse9a@netlog.com,Refrigerator,Lahore,Female
Michaela,56,mtuhy9b@uol.com.br,Washing machine,Multan,Female
Midge,72,mbeernt9c@slideshare.net,Microwave,Karachi,Female
Morlee,61,mfoystone9d@boston.com,Blender,Lahore,Male
Odie,37,ohardypiggin9e@biblegateway.com,Coffee maker,Karachi,Male
Ursulina,59,uhempel9f@flavors.me,Vacuum cleaner,Lahore,Female
Gualterio,25,ghitzke9g@nhs.uk,Air conditioner,Multan,Male
Wilek,52,wvittori9h@usgs.gov,Air conditioner,Islamabad,Male
Em,47,eaps9i@aol.com,Coffee maker,Islamabad,Male
Seline,41,swase9j@icio.us,Air conditioner,Lahore,Female
Alysa,71,ahydechambers9k@time.com,Washing machine,Multan,Female
Salomo,74,sskittrall9l@tmall.com,Washing machine,Multan,Male
Charo,38,ckalberer9m@fc2.com,Blender,Multan,Female
Kelwin,78,kashforth9n@alibaba.com,Vacuum cleaner,Karachi,Male
Guenna,71,ggarlic9o@dot.gov,Refrigerator,Lahore,Female
Lorain,61,lskerme9p@w3.org,Coffee maker,Multan,Female
Lucais,28,liaduccelli9q@youku.com,Coffee maker,Karachi,Male
Fran,62,friseborough9r@discovery.com,Refrigerator,Karachi,Male
Tyrone,35,tdzenisenka9s@dailymail.co.uk,Coffee maker,Karachi,Male
Earl,46,ematchell9t@baidu.com,Coffee maker,Lahore,Male
Gardener,24,gramm9u@unicef.org,Dishwasher,Multan,Male
Brant,55,brekes9v@blogspot.com,Air conditioner,Islamabad,Male
Suzette,71,sandreopolos9w@miitbeian.gov.cn,Dishwasher,Islamabad,Female
Stevena,79,sroselli9x@marketwatch.com,Microwave,Multan,Female
Christina,64,cponter9y@thetimes.co.uk,Iron,Islamabad,Female
Grove,84,gmcfayden9z@eventbrite.com,Microwave,Multan,Male
Zebulon,85,zbaylea0@google.it,Air conditioner,Karachi,Male
Barton,68,bbalchena1@chron.com,Vacuum cleaner,Lahore,Male
Prince,22,pmathiasa2@geocities.com,Air conditioner,Multan,Male
Wilmer,37,wmaffya3@skype.com,Refrigerator,Islamabad,Male
Maighdiln,59,melwilla4@devhub.com,Refrigerator,Karachi,Female
Kelley,31,khowela5@youku.com,Blender,Karachi,Female
Zelda,57,zhugueneta6@blogs.com,Oven/stove,Islamabad,Female
Jody,26,jcrosbya7@apple.com,Iron,Karachi,Female
Peadar,18,plangdridgea8@ted.com,Vacuum cleaner,Lahore,Male
Gregory,60,gtuitea9@nasa.gov,Dishwasher,Islamabad,Male
Ramon,32,rmorralleeaa@yelp.com,Microwave,Lahore,Male
Althea,39,ahatleyab@upenn.edu,Dishwasher,Lahore,Female
Roldan,34,rfaugheyac@cafepress.com,Dishwasher,Lahore,Male
Jan,46,jeliotad@comcast.net,Vacuum cleaner,Karachi,Female
Loralie,57,lsollettae@photobucket.com,Iron,Islamabad,Female
Abbye,40,asamplesaf@yolasite.com,Air conditioner,Islamabad,Female
Sheilah,30,skalkofenag@cpanel.net,Blender,Lahore,Female
Larry,44,lclayworthah@odnoklassniki.ru,Air conditioner,Karachi,Male
Guilbert,33,gmcneighai@tumblr.com,Air conditioner,Karachi,Male
Kent,80,kdennerlyaj@netscape.com,Washing machine,Multan,Male
Nanine,25,nhefferonak@wisc.edu,Dishwasher,Lahore,Female
Shayne,25,sskillicornal@mysql.com,Dishwasher,Islamabad,Male
Saundra,45,sfermeram@upenn.edu,Microwave,Lahore,Male
Lacey,41,lstobbiean@ycombinator.com,Vacuum cleaner,Lahore,Female
Novelia,52,npoulstonao@symantec.com,Air conditioner,Karachi,Female
Alaine,64,agosnallap@blinklist.com,Iron,Multan,Female
Chilton,57,chargravesaq@wix.com,Blender,Karachi,Male
Barnett,33,bchisnallar@prlog.org,Dishwasher,Lahore,Male
Daphne,79,dgoneyas@salon.com,Iron,Islamabad,Female
Noni,39,nbohjeat@a8.net,Air conditioner,Lahore,Female
Gabriell,50,gcammiemileau@opera.com,Dishwasher,Islamabad,Female
Hasty,36,hivettsav@topsy.com,Coffee maker,Karachi,Male
Joni,46,jdyeraw@columbia.edu,Refrigerator,Multan,Female
Fedora,40,ftregaskisax@cafepress.com,Dishwasher,Lahore,Female
Rhonda,84,rmcgillicuddyay@bbc.co.uk,Coffee maker,Lahore,Female
Emalee,75,eloynsaz@woothemes.com,Refrigerator,Lahore,Female
Yoko,83,ydetloffb0@google.com.hk,Dishwasher,Lahore,Female
Coleman,80,csibbeb1@people.com.cn,Dishwasher,Lahore,Male
Trent,22,tstredwickb2@is.gd,Dishwasher,Karachi,Male
Rustin,40,rhackingb3@nationalgeographic.com,Blender,Karachi,Male
Carly,65,chindsbergb4@auda.org.au,Refrigerator,Lahore,Male
Sigmund,36,santonoyevb5@seattletimes.com,Coffee maker,Karachi,Male
Danny,83,dbentleyb6@wikipedia.org,Dishwasher,Lahore,Female
Zacharia,60,zshoemarkb7@ted.com,Dishwasher,Lahore,Male
Winny,75,wraiseb8@army.mil,Washing machine,Karachi,Female
Lilias,38,lbetunb9@tamu.edu,Washing machine,Karachi,Female
Ronny,76,rfordhamba@opensource.org,Dishwasher,Lahore,Female
Coop,83,cdutchbb@unicef.org,Oven/stove,Multan,Male
Sarena,33,spossabc@microsoft.com,Washing machine,Multan,Female
Melosa,83,mdemogebd@wufoo.com,Air conditioner,Karachi,Female
Jody,37,jclemenzibe@printfriendly.com,Microwave,Islamabad,Female
Teirtza,73,tgraingerbf@slashdot.org,Dishwasher,Islamabad,Female
Malcolm,25,mbernardezbg@webs.com,Coffee maker,Karachi,Male
Clarence,51,ccoullbh@nps.gov,Blender,Karachi,Male
Merrill,81,mjayesbi@histats.com,Microwave,Islamabad,Male
Luelle,80,ltingeybj@springer.com,Oven/stove,Karachi,Female
Hildegaard,20,hspradebk@rediff.com,Oven/stove,Lahore,Female
Chelsey,61,cpenhaleurackbl@abc.net.au,Air conditioner,Karachi,Female
Park,71,phallbm@constantcontact.com,Iron,Islamabad,Male
Ardeen,37,asallowsbn@shinystat.com,Vacuum cleaner,Islamabad,Female
Marchall,63,mburwinbo@sakura.ne.jp,Blender,Karachi,Male
Pascale,84,pmeiklembp@mapy.cz,Iron,Karachi,Male
Ralf,59,rlehrmannbq@discovery.com,Blender,Multan,Male
Menard,32,meyeingtonbr@toplist.cz,Air conditioner,Multan,Male
Adham,18,afitzroybs@google.com.hk,Coffee maker,Lahore,Male
Torry,31,tfreschinibt@oakley.com,Vacuum cleaner,Islamabad,Male
Erek,63,ebroadbridgebu@last.fm,Blender,Islamabad,Male
Joline,33,jchingbv@google.com.br,Blender,Multan,Female
Tobiah,80,twelsbybw@sciencedirect.com,Microwave,Lahore,Male
Mattie,40,mdawkesbx@4shared.com,Refrigerator,Multan,Male
Connor,33,cpillmanby@bing.com,Oven/stove,Islamabad,Male
Abigael,57,alyffebz@blogs.com,Air conditioner,Karachi,Female
Sandy,57,scasonec0@dell.com,Vacuum cleaner,Karachi,Female
Levi,23,lbedminsterc1@bandcamp.com,Dishwasher,Lahore,Male
Jedediah,28,jhaskeyc2@newyorker.com,Oven/stove,Lahore,Male
Ilaire,79,ibaldic3@nps.gov,Oven/stove,Lahore,Male
Jenilee,79,jpiotrkowskic4@multiply.com,Washing machine,Multan,Female
Willy,53,wsockellc5@tamu.edu,Washing machine,Lahore,Female
Kippie,46,kturmellc6@sogou.com,Dishwasher,Lahore,Male
Maison,57,mwyvillc7@sphinn.com,Refrigerator,Karachi,Male
Ciro,79,ccushionc8@illinois.edu,Iron,Lahore,Male
Georgine,38,gthurlbeckc9@jiathis.com,Iron,Multan,Female
Lucias,22,lopdenortca@tuttocitta.it,Air conditioner,Karachi,Male
Glenden,47,gduffancb@cnet.com,Iron,Karachi,Male
Allyn,85,abroadberecc@symantec.com,Microwave,Karachi,Male
Kellby,55,kgrovercd@amazon.co.uk,Dishwasher,Lahore,Male
Candice,84,ckilbornce@wix.com,Refrigerator,Multan,Female
Ollie,50,ojuszczykcf@state.tx.us,Microwave,Islamabad,Male
Nance,33,narlottcg@disqus.com,Iron,Karachi,Female
Babb,75,bmateescuch@netvibes.com,Refrigerator,Multan,Female
Lilias,55,lwilcoxci@eventbrite.com,Blender,Islamabad,Female
Fidelio,67,freochcj@yolasite.com,Coffee maker,Islamabad,Male
Betteanne,23,bcableck@mapquest.com,Iron,Lahore,Female
Hogan,34,hjacobbecl@guardian.co.uk,Washing machine,Islamabad,Male
Merci,49,mhiddersleycm@usatoday.com,Coffee maker,Islamabad,Female
Berton,23,bbailycn@mayoclinic.com,Washing machine,Multan,Male
Cleon,27,crennockco@hubpages.com,Blender,Lahore,Male
Velma,85,vhambriccp@mtv.com,Coffee maker,Multan,Female
Lyman,59,ldevascq@mtv.com,Air conditioner,Lahore,Male
Andromache,20,aheasleycr@imageshack.us,Coffee maker,Islamabad,Female
Nannie,41,nbassocs@tinypic.com,Oven/stove,Multan,Female
Jamill,63,jattreedct@elpais.com,Refrigerator,Lahore,Male
Woodie,37,wsokellcu@bravesites.com,Refrigerator,Islamabad,Male
Bonita,24,bvaudrecv@sun.com,Dishwasher,Multan,Female
Berenice,66,bwolversoncw@yahoo.co.jp,Oven/stove,Karachi,Female
Brandice,77,brozalskicx@vkontakte.ru,Dishwasher,Karachi,Female
Diann,67,ddirkincy@cargocollective.com,Air conditioner,Multan,Female
Guglielmo,70,gdelacotecz@upenn.edu,Dishwasher,Lahore,Male
Timothea,30,tshelpd0@photobucket.com,Oven/stove,Karachi,Female
Gwyn,67,ggareyd1@sogou.com,Iron,Lahore,Female
Delmor,83,dstatherd2@google.co.jp,Refrigerator,Karachi,Male
Gabriele,56,glinkleterd3@kickstarter.com,Coffee maker,Multan,Male
Malory,71,mshelveyd4@independent.co.uk,Oven/stove,Multan,Female
Romola,75,rzeald5@parallels.com,Coffee maker,Islamabad,Female
Sophronia,84,sheliard6@jimdo.com,Oven/stove,Multan,Female
Antonina,45,alanfranconid7@cyberchimps.com,Vacuum cleaner,Lahore,Female
Belia,49,bgreggersend8@imageshack.us,Coffee maker,Multan,Female
Mady,62,mhutchingsd9@nba.com,Vacuum cleaner,Multan,Female
Rebecka,35,rwildashda@adobe.com,Vacuum cleaner,Karachi,Female
Horacio,66,hascraftdb@marketwatch.com,Oven/stove,Lahore,Male
Marian,55,matkirkdc@wufoo.com,Coffee maker,Multan,Female
Niki,62,ngravesdd@webnode.com,Vacuum cleaner,Multan,Female
Valentina,56,vveallde@jimdo.com,Oven/stove,Multan,Female
Eudora,52,eforsarddf@reuters.com,Coffee maker,Islamabad,Female
Devland,25,djointdg@umich.edu,Iron,Multan,Male
Gerard,69,gthirstdh@instagram.com,Air conditioner,Karachi,Male
Elianora,31,eflannigandi@usgs.gov,Washing machine,Lahore,Female
Earl,34,ekencottdj@cloudflare.com,Microwave,Lahore,Male
Annelise,36,agoddmandk@fastcompany.com,Air conditioner,Karachi,Female
Teddie,78,tteesdaledl@dedecms.com,Microwave,Lahore,Female
Leonelle,78,loatsdm@patch.com,Blender,Islamabad,Female
Eddy,34,eantonomoliidn@youtube.com,Washing machine,Multan,Male
Inness,33,igrimsdithdo@examiner.com,Refrigerator,Karachi,Male
Ephrem,85,egarriedp@tinypic.com,Air conditioner,Lahore,Male
Adan,75,abillowsdq@europa.eu,Refrigerator,Multan,Male
Annadiana,56,alunndr@usda.gov,Air conditioner,Multan,Female
Vale,45,vdarrowds@webnode.com,Iron,Lahore,Male
Cecil,79,cdennedt@apple.com,Washing machine,Islamabad,Male
Johann,68,jsymmonsdu@hugedomains.com,Iron,Lahore,Male
Huntlee,20,hdemullettdv@163.com,Blender,Karachi,Male
Julienne,40,jmanoellidw@google.com.hk,Iron,Multan,Female
Dido,74,dparmeterdx@soup.io,Refrigerator,Islamabad,Female
Petronille,44,pspracklingdy@mozilla.org,Blender,Islamabad,Female
Byron,54,bmcganndz@illinois.edu,Vacuum cleaner,Islamabad,Male
Denna,67,dalgere0@eventbrite.com,Refrigerator,Islamabad,Female
Somerset,79,stidgewelle1@360.cn,Coffee maker,Lahore,Male
Felipe,65,fwillemane2@hao123.com,Dishwasher,Karachi,Male
Irina,77,iroscampe3@php.net,Microwave,Lahore,Female
Harv,84,hhaffarde4@mlb.com,Refrigerator,Karachi,Male
Ellie,82,edydee5@ehow.com,Air conditioner,Multan,Female
Hettie,58,hyegorshine6@creativecommons.org,Oven/stove,Karachi,Female
Vick,55,vpetrollie7@simplemachines.org,Coffee maker,Karachi,Male
Pier,39,pbowene8@scientificamerican.com,Refrigerator,Lahore,Female
Chadd,34,cringee9@loc.gov,Vacuum cleaner,Karachi,Male
Sybyl,72,sconstableea@timesonline.co.uk,Microwave,Islamabad,Female
Alica,37,astratheeb@spotify.com,Microwave,Multan,Female
Donny,26,dcardenasec@studiopress.com,Air conditioner,Multan,Female
Drew,66,dstoaded@nyu.edu,Iron,Multan,Male
Laraine,41,ldybellee@360.cn,Dishwasher,Karachi,Female
Dannie,40,dboleef@army.mil,Dishwasher,Islamabad,Female
Valli,52,vpapierzeg@cmu.edu,Microwave,Karachi,Female
Cordula,76,cbrookfieldeh@fastcompany.com,Coffee maker,Multan,Female
Cherish,57,cbiscombei@aboutads.info,Coffee maker,Multan,Female
Rikki,81,rmillimoeej@merriam-webster.com,Refrigerator,Islamabad,Female
Essa,48,eealamek@instagram.com,Vacuum cleaner,Multan,Female
Corinna,56,cnearyel@yellowbook.com,Washing machine,Islamabad,Female
Pauletta,34,pspreadem@cocolog-nifty.com,Coffee maker,Karachi,Female
Regan,34,rrymellen@comsenz.com,Iron,Karachi,Female
Alys,35,abrattoneo@nature.com,Dishwasher,Islamabad,Female
Aundrea,56,araundep@dot.gov,Dishwasher,Karachi,Female
Giraldo,28,ghagueeq@hhs.gov,Refrigerator,Lahore,Male
Nevil,20,nschuberter@bandcamp.com,Vacuum cleaner,Lahore,Male
Bondy,28,bnegroes@i2i.jp,Washing machine,Islamabad,Male
Pieter,40,pdicksonet@dot.gov,Air conditioner,Islamabad,Male
Crystie,27,cketchereu@techcrunch.com,Coffee maker,Islamabad,Female
Henriette,44,hdiemerev@nasa.gov,Air conditioner,Lahore,Female
Berkley,55,bholdronew@sbwire.com,Vacuum cleaner,Multan,Male
Maison,32,msipsonex@imageshack.us,Air conditioner,Islamabad,Male
Zebulen,61,zbonnysoney@washington.edu,Washing machine,Karachi,Male
Hillary,59,hjardeinez@mozilla.org,Vacuum cleaner,Islamabad,Male
Sher,34,sbonifaciof0@answers.com,Coffee maker,Lahore,Female
Cordell,62,creubelf1@yahoo.co.jp,Washing machine,Multan,Male
Joell,31,jcastanyerf2@yolasite.com,Coffee maker,Lahore,Female
Jacob,53,jmoorerudf3@cafepress.com,Oven/stove,Islamabad,Male
Waldemar,71,wcampkinf4@cnet.com,Dishwasher,Islamabad,Male
Pierce,47,pcabrerf5@businesswire.com,Vacuum cleaner,Lahore,Male
Tedra,85,tmateusf6@time.com,Coffee maker,Multan,Female
Leilah,66,lshortcliffef7@about.me,Iron,Islamabad,Female
Roarke,20,rstearnesf8@google.com.br,Microwave,Multan,Male
Gertrude,53,gbugbyf9@bbb.org,Oven/stove,Multan,Female
Keely,29,kcorriefa@furl.net,Refrigerator,Karachi,Female
Niel,85,nminthorpefb@dailymotion.com,Iron,Multan,Male
Gerty,57,gterrettfc@addthis.com,Dishwasher,Islamabad,Female
Tamara,30,tsolesfd@google.com.hk,Vacuum cleaner,Islamabad,Female
Bryant,32,bcollickfe@spiegel.de,Microwave,Islamabad,Male
Claudina,36,csparksff@netvibes.com,Coffee maker,Lahore,Female
Doloritas,24,dmanilowfg@alibaba.com,Refrigerator,Islamabad,Female
Ingelbert,49,iscahillfh@geocities.com,Vacuum cleaner,Multan,Male
Violet,24,vkembleyfi@sciencedaily.com,Oven/stove,Karachi,Female
Terry,50,tbrandhamfj@scientificamerican.com,Dishwasher,Lahore,Male
Brocky,23,bmacgheefk@vkontakte.ru,Iron,Islamabad,Male
Weber,74,wshortofl@marketwatch.com,Refrigerator,Islamabad,Male
Shaughn,58,sbessetfm@squidoo.com,Iron,Islamabad,Male
Minor,82,mjirifn@yellowbook.com,Washing machine,Karachi,Male
Jocelyne,53,jtrappfo@howstuffworks.com,Iron,Multan,Female
Kenna,49,keynonfp@w3.org,Coffee maker,Multan,Female
Skip,74,ssailefq@angelfire.com,Coffee maker,Multan,Male
Reinhard,75,rfitchetfr@amazon.co.jp,Coffee maker,Multan,Male
Jasper,46,jvidelerfs@meetup.com,Oven/stove,Multan,Male
Alia,46,astokellft@woothemes.com,Oven/stove,Islamabad,Female
Chastity,79,ccrotchfu@ucoz.ru,Air conditioner,Karachi,Female
Alica,82,amatthaifv@wikia.com,Microwave,Karachi,Female
Jinny,63,jsnelgrovefw@walmart.com,Dishwasher,Islamabad,Female
Javier,39,jtokellfx@pinterest.com,Microwave,Lahore,Male
Karlene,26,kovizefy@xrea.com,Iron,Lahore,Female
Lori,59,lshervilfz@businesswire.com,Coffee maker,Lahore,Female
Asia,18,ajealg0@bizjournals.com,Coffee maker,Karachi,Female
Odell,53,ohensmansg1@wp.com,Iron,Lahore,Male
Carling,19,cdeetlefsg2@wikipedia.org,Iron,Multan,Male
Frederique,61,fcrosierg3@skyrock.com,Dishwasher,Karachi,Female
Blakeley,33,blindupg4@taobao.com,Coffee maker,Lahore,Female
Max,58,mbroseg5@redcross.org,Oven/stove,Karachi,Female
Foster,83,fpatrisksong6@linkedin.com,Refrigerator,Multan,Male
Walden,79,wmillettg7@histats.com,Iron,Multan,Male
Jedidiah,49,jambrogiottig8@irs.gov,Washing machine,Multan,Male
Marilin,27,mreihmg9@intel.com,Blender,Multan,Female
Axe,54,athreadgouldga@so-net.ne.jp,Vacuum cleaner,Lahore,Male
Tarrance,18,tgeerdtsgb@diigo.com,Coffee maker,Islamabad,Male
Papagena,61,pletchgc@msn.com,Blender,Multan,Female
Brandice,72,bespinasgd@harvard.edu,Iron,Karachi,Female
Jamie,45,jcarpenterge@weebly.com,Oven/stove,Islamabad,Male
Jaquelin,50,jdampergf@bluehost.com,Microwave,Lahore,Female
Antonetta,25,abrislangg@vistaprint.com,Oven/stove,Multan,Female
Christophorus,21,cskiggsgh@123-reg.co.uk,Air conditioner,Lahore,Male
Obed,62,oreedsgi@mozilla.org,Washing machine,Lahore,Male
Nadya,29,ngronallergj@hugedomains.com,Blender,Karachi,Female
Robbert,39,rsiegertszgk@wisc.edu,Oven/stove,Karachi,Male
Lucias,55,lbeetlesgl@live.com,Washing machine,Multan,Male
Moritz,60,mhelegm@liveinternet.ru,Blender,Islamabad,Male
Vita,43,vbasellign@tinyurl.com,Vacuum cleaner,Karachi,Female
Valene,44,vheinishgo@rakuten.co.jp,Washing machine,Karachi,Female
Rocky,83,rengelmanngp@dailymotion.com,Vacuum cleaner,Lahore,Male
Torrance,55,tdunbobbingq@fc2.com,Microwave,Lahore,Male
Liesa,71,lfuxmangr@sitemeter.com,Oven/stove,Karachi,Female
Nils,74,ncowderygs@amazon.co.uk,Vacuum cleaner,Lahore,Male
Chandra,58,ceatttokgt@comsenz.com,Blender,Multan,Female
Whitby,33,wframegu@examiner.com,Iron,Lahore,Male
Arri,36,aveiversgv@ustream.tv,Coffee maker,Karachi,Male
Tobey,44,tfairchildgw@rediff.com,Dishwasher,Lahore,Female
Morse,76,mbailiegx@shinystat.com,Dishwasher,Karachi,Male
Pyotr,26,pholleworthgy@sohu.com,Refrigerator,Lahore,Male
Rice,78,rvigursgz@dropbox.com,Iron,Islamabad,Male
Davida,31,dtallquisth0@sbwire.com,Coffee maker,Multan,Female
Irv,45,idaguannoh1@altervista.org,Washing machine,Islamabad,Male
Mona,31,mclaveyh2@noaa.gov,Vacuum cleaner,Multan,Female
Lydie,24,llepopeh3@chicagotribune.com,Washing machine,Karachi,Female
Goraud,64,gnafzgerh4@aboutads.info,Blender,Islamabad,Male
Damaris,26,dnorreyh5@geocities.jp,Iron,Islamabad,Female
Ossie,40,ogreavesh6@unblog.fr,Air conditioner,Multan,Male
Sid,31,sellyatth7@naver.com,Iron,Islamabad,Male
Marcellina,25,mlenschh8@techcrunch.com,Iron,Islamabad,Female
Kaye,47,kclaitonh9@answers.com,Iron,Lahore,Female
Tracey,44,tluckwellha@phoca.cz,Vacuum cleaner,Karachi,Male
Adelice,22,astoveshb@skyrock.com,Refrigerator,Islamabad,Female
Deidre,69,dsirehc@phoca.cz,Oven/stove,Multan,Female
Aluino,56,adinnegeshd@seesaa.net,Dishwasher,Lahore,Male
Michael,54,mbaumanhe@cloudflare.com,Oven/stove,Karachi,Male
Dru,56,dwranglehf@google.pl,Coffee maker,Islamabad,Female
Bryna,19,bguilloudhg@shinystat.com,Oven/stove,Lahore,Female
Rasla,58,rmounthh@arstechnica.com,Air conditioner,Lahore,Female
Grissel,60,gnorthidgehi@mediafire.com,Washing machine,Karachi,Female
Sibyl,22,svarndallhj@rakuten.co.jp,Air conditioner,Karachi,Female
Darcy,29,dreinahk@feedburner.com,Oven/stove,Multan,Female
Britta,76,bfraynhl@mac.com,Iron,Karachi,Female
Daven,51,dtwiggehm@howstuffworks.com,Coffee maker,Multan,Male
Kirstyn,47,kpuseyhn@mozilla.com,Washing machine,Karachi,Female
Humbert,72,hgodlontonho@about.com,Vacuum cleaner,Multan,Male
Isac,57,itrowhp@naver.com,Washing machine,Islamabad,Male
Corenda,44,ccampionhq@github.com,Oven/stove,Karachi,Female
Desmund,79,dnimmohr@deliciousdays.com,Microwave,Multan,Male
Arthur,27,aquadlinghs@si.edu,Oven/stove,Lahore,Male
Bobbie,45,bbjorkanht@google.com.br,Washing machine,Islamabad,Female
Bogart,61,bcritzenhu@google.com.au,Blender,Karachi,Male
Fred,18,fdeverickshv@house.gov,Vacuum cleaner,Islamabad,Male
Ronald,78,rlateshw@jalbum.net,Vacuum cleaner,Lahore,Male
Audra,20,afishleyhx@noaa.gov,Vacuum cleaner,Islamabad,Female
Smitty,68,sbausorhy@hhs.gov,Washing machine,Lahore,Male
Brock,79,bdeemanhz@howstuffworks.com,Oven/stove,Islamabad,Male
Eberto,38,eramsdalei0@va.gov,Iron,Karachi,Male
Eleanora,74,eyarkeri1@senate.gov,Washing machine,Islamabad,Female
Clayborn,63,choopperi2@go.com,Microwave,Islamabad,Male
Rosette,38,rgrafhomi3@diigo.com,Dishwasher,Karachi,Female
Vicky,49,vmoormani4@examiner.com,Oven/stove,Islamabad,Female
Arden,25,atatteshalli5@joomla.org,Dishwasher,Islamabad,Female
Carissa,81,ctothei6@usda.gov,Iron,Lahore,Female
Cecil,83,cdreweti7@oracle.com,Iron,Karachi,Male
Hurley,73,hrafti8@stumbleupon.com,Vacuum cleaner,Lahore,Male
Noak,33,nveli9@drupal.org,Refrigerator,Karachi,Male
Clerissa,61,ccampioneia@storify.com,Coffee maker,Karachi,Female
Garrot,54,gtrotmanib@oaic.gov.au,Oven/stove,Lahore,Male
Bayard,58,bsumptionic@google.pl,Microwave,Lahore,Male
Ayn,60,acoltmanid@go.com,Coffee maker,Karachi,Female
Saba,28,stezureie@smugmug.com,Refrigerator,Multan,Female
Jenna,76,jjohnysif@forbes.com,Dishwasher,Karachi,Female
Gardy,53,ghearnsig@xing.com,Air conditioner,Lahore,Male
Malynda,64,mdespenserih@yale.edu,Microwave,Islamabad,Female
Burch,33,bdannellii@sogou.com,Blender,Islamabad,Male
Lemar,47,lmckintoshij@networkadvertising.org,Refrigerator,Islamabad,Male
Agace,19,arowetik@nature.com,Refrigerator,Multan,Female
Pauli,18,pabisettiil@acquirethisname.com,Vacuum cleaner,Karachi,Female
Grantley,70,gdybaldim@simplemachines.org,Air conditioner,Islamabad,Male
Vilma,69,vdoickin@purevolume.com,Blender,Lahore,Female
Pollyanna,42,paartsenio@princeton.edu,Oven/stove,Multan,Female
Verene,38,vbennoeip@nymag.com,Vacuum cleaner,Multan,Female
Niccolo,35,nearlyiq@webnode.com,Iron,Islamabad,Male
Arie,40,aselvesterir@wordpress.org,Dishwasher,Islamabad,Male
Ame,64,asheriffis@goo.ne.jp,Coffee maker,Islamabad,Female
Angele,50,asternit@photobucket.com,Refrigerator,Karachi,Female
Baryram,62,bstacyiu@foxnews.com,Refrigerator,Lahore,Male
Blisse,57,bsanteniv@nytimes.com,Blender,Karachi,Female
Antons,29,aderryiw@over-blog.com,Microwave,Multan,Male
Max,62,msappellix@mlb.com,Blender,Multan,Male
Arlan,66,aocriganeiy@moonfruit.com,Coffee maker,Lahore,Male
Kailey,75,kcasollaiz@pcworld.com,Iron,Islamabad,Female
Sholom,68,sfussiej0@shinystat.com,Coffee maker,Karachi,Male
Carson,84,cbricknellj1@jimdo.com,Air conditioner,Lahore,Male
Diena,31,dnassauj2@amazon.com,Washing machine,Karachi,Female
Trixi,59,tkeavenyj3@nationalgeographic.com,Microwave,Multan,Female
Casi,78,cdillonj4@bigcartel.com,Washing machine,Multan,Female
Cassandry,76,crandalj5@mlb.com,Microwave,Islamabad,Female
Fonz,61,fevreuxj6@dell.com,Oven/stove,Lahore,Male
Jobi,83,jstutterj7@altervista.org,Microwave,Islamabad,Female
Sioux,74,scuffinj8@simplemachines.org,Blender,Karachi,Female
Corina,63,chemblingj9@privacy.gov.au,Blender,Karachi,Female
Bran,55,bboshellja@cbc.ca,Microwave,Multan,Male
Fania,83,fvokinsjb@soundcloud.com,Oven/stove,Multan,Female
Morry,22,mgrubyjc@ucsd.edu,Microwave,Islamabad,Male
Javier,51,jpashanjd@vimeo.com,Refrigerator,Multan,Male
Boothe,37,bpittawayje@sourceforge.net,Blender,Karachi,Male
Georgetta,26,gnannizzijf@dagondesign.com,Washing machine,Karachi,Female
Deeyn,35,dbiaggellijg@latimes.com,Coffee maker,Multan,Female
Flory,42,fshrievesjh@census.gov,Washing machine,Multan,Male
Kristofor,42,ksperingji@163.com,Coffee maker,Multan,Male
Rea,52,rcorrettjj@friendfeed.com,Blender,Islamabad,Female
Tabor,72,tbucklanjk@tuttocitta.it,Microwave,Multan,Male
Bartolemo,84,bjedrasjl@unblog.fr,Refrigerator,Lahore,Male
Mohandas,59,mclewsjm@w3.org,Washing machine,Lahore,Male
Giuseppe,60,gwilderspoonjn@mail.ru,Dishwasher,Lahore,Male
Nannette,84,nverbeekjo@unesco.org,Air conditioner,Lahore,Female
Brent,56,btumberjp@hp.com,Oven/stove,Karachi,Male
Sande,72,sscibseyjq@timesonline.co.uk,Washing machine,Multan,Female
Tobie,21,tchapellejr@sohu.com,Air conditioner,Karachi,Male
Kevin,73,kwoolvettjs@ted.com,Iron,Karachi,Male
Merle,49,mripingjt@marriott.com,Washing machine,Lahore,Female
Rowney,28,rcoltherdju@auda.org.au,Oven/stove,Multan,Male
Erick,51,ebartzenjv@webs.com,Air conditioner,Multan,Male
Cynthea,41,cvaneschijw@trellian.com,Microwave,Lahore,Female
Maurits,64,malenichevjx@nih.gov,Microwave,Karachi,Male
Sib,27,sjellisjy@yolasite.com,Coffee maker,Multan,Female
Alva,28,amaruskajz@cnbc.com,Microwave,Multan,Male
Erma,49,edorank0@lulu.com,Microwave,Islamabad,Female
Cordi,48,ctutchenerk1@springer.com,Blender,Lahore,Female
Roxine,19,rhanburyk2@blogspot.com,Washing machine,Karachi,Female
Loise,44,ldemcikk3@github.com,Blender,Lahore,Female
Dasie,31,dpazk4@privacy.gov.au,Washing machine,Karachi,Female
Vita,56,vciccottok5@unblog.fr,Air conditioner,Lahore,Female
Marcy,76,makehurstk6@domainmarket.com,Vacuum cleaner,Karachi,Female
Kara,46,kgauvaink7@mail.ru,Refrigerator,Multan,Female
Lida,18,ltricek8@elegantthemes.com,Oven/stove,Multan,Female
Rex,56,rcowlesk9@youtu.be,Blender,Islamabad,Male
Dietrich,50,dbalderyka@aboutads.info,Microwave,Multan,Male
Vera,34,vokeykb@imdb.com,Vacuum cleaner,Karachi,Female
Meridith,42,meayrskc@cmu.edu,Blender,Karachi,Female
Wainwright,42,wlomaskd@walmart.com,Blender,Karachi,Male
Ezra,50,edeldelloke@pen.io,Vacuum cleaner,Islamabad,Male
Allard,74,arentoulkf@narod.ru,Oven/stove,Lahore,Male
Durward,27,dcrookallkg@usgs.gov,Vacuum cleaner,Multan,Male
Rancell,21,rharmantkh@imgur.com,Washing machine,Multan,Male
Ariella,46,ariehmki@wikipedia.org,Washing machine,Lahore,Female
Bogart,72,bmikalskikj@ucoz.ru,Refrigerator,Islamabad,Male
Jewell,44,jwadwellkk@instagram.com,Washing machine,Karachi,Female
Marje,34,mmccumeskykl@nba.com,Oven/stove,Multan,Female
Paten,33,pbedokm@issuu.com,Vacuum cleaner,Multan,Male
Janos,55,jdeluzekn@bizjournals.com,Refrigerator,Karachi,Male
Virginia,59,vrainerko@nih.gov,Vacuum cleaner,Karachi,Female
Kameko,47,krawllkp@addthis.com,Oven/stove,Karachi,Female
Roxane,59,rcurnerkq@wikipedia.org,Washing machine,Multan,Female
Allegra,75,awraxallkr@prnewswire.com,Coffee maker,Multan,Female
Ricki,51,rcracknellks@wp.com,Oven/stove,Lahore,Male
Levy,50,lguerrykt@vimeo.com,Vacuum cleaner,Lahore,Male
Clementine,65,cspiritku@europa.eu,Washing machine,Karachi,Female
Trumann,30,tsherwenkv@addthis.com,Microwave,Multan,Male
Lydon,74,lmerrinkw@ed.gov,Blender,Lahore,Male
Bearnard,29,bkainekx@ifeng.com,Microwave,Karachi,Male
Friedrich,27,fdjurevicky@utexas.edu,Vacuum cleaner,Islamabad,Male
Elinor,64,ehelsdonkz@blogger.com,Microwave,Multan,Female
Gerrilee,39,gmaciejakl0@hao123.com,Iron,Multan,Female
Adolf,72,alegenl1@businessinsider.com,Dishwasher,Lahore,Male
Wendie,59,wpaladinil2@howstuffworks.com,Microwave,Lahore,Female
Max,23,mewanl3@webmd.com,Dishwasher,Multan,Female
Maribelle,28,mrosenbuschl4@webeden.co.uk,Washing machine,Karachi,Female
Jeff,53,jblackwelll5@bravesites.com,Iron,Karachi,Male
Rockie,57,rlownesl6@facebook.com,Vacuum cleaner,Lahore,Male
Mommy,65,mnanglel7@wordpress.com,Oven/stove,Multan,Female
Mano,63,mbrasonl8@myspace.com,Dishwasher,Islamabad,Male
Baird,67,bferencl9@lulu.com,Dishwasher,Multan,Male
Caterina,84,cwhippla@gnu.org,Blender,Islamabad,Female
Birch,27,bneesamlb@timesonline.co.uk,Oven/stove,Karachi,Male
Agnesse,65,alecountlc@whitehouse.gov,Dishwasher,Multan,Female
Ulrica,56,uciccold@oakley.com,Blender,Karachi,Female
Gerladina,37,ghabinle@live.com,Refrigerator,Lahore,Female
Jordain,64,jlagnelf@usgs.gov,Dishwasher,Multan,Female
Barris,83,bspoorlg@simplemachines.org,Dishwasher,Karachi,Male
Fredelia,56,fmussallilh@wired.com,Washing machine,Multan,Female
Cindi,79,crubinsaftli@tripadvisor.com,Oven/stove,Islamabad,Female
Man,51,mkentwelllj@wikispaces.com,Microwave,Karachi,Male
Flory,81,fdouchlk@ameblo.jp,Air conditioner,Islamabad,Female
Olimpia,64,oberntssenll@hud.gov,Oven/stove,Lahore,Female
Tobin,22,twigginslm@ibm.com,Iron,Islamabad,Male
Lindsy,45,lmckagueln@blogtalkradio.com,Vacuum cleaner,Multan,Female
Cissiee,61,coakshottlo@trellian.com,Blender,Multan,Female
Emilia,81,espatlp@tripadvisor.com,Iron,Lahore,Female
Giusto,52,gdantonlq@bizjournals.com,Coffee maker,Multan,Male
Arnold,85,aedwardsonlr@usnews.com,Oven/stove,Karachi,Male
Cleve,18,cfilewoodls@blog.com,Washing machine,Lahore,Male
Daloris,84,dvonsalzberglt@mashable.com,Iron,Islamabad,Female
Griffin,70,gjellicorselu@usatoday.com,Vacuum cleaner,Lahore,Male
Jonis,58,jemmertlv@fda.gov,Microwave,Lahore,Female
Ganny,70,grobeconlw@foxnews.com,Refrigerator,Islamabad,Male
Dominique,66,dderobertolx@state.tx.us,Microwave,Lahore,Male
Carlin,66,cdeniseauly@oaic.gov.au,Blender,Multan,Female
Jory,84,jcorstanlz@vkontakte.ru,Vacuum cleaner,Multan,Male
Niels,39,nstockportm0@ustream.tv,Refrigerator,Multan,Male
Deck,54,dgertraym1@goodreads.com,Blender,Islamabad,Male
Regen,55,rtomaskovm2@msu.edu,Coffee maker,Lahore,Male
Yancy,78,ymillimoem3@japanpost.jp,Air conditioner,Karachi,Male
Bendick,43,bwoolfallm4@163.com,Coffee maker,Multan,Male
Stella,54,sjansiem5@multiply.com,Microwave,Islamabad,Female
Abran,59,atawnm6@goo.ne.jp,Iron,Karachi,Male
Florentia,77,favorym7@topsy.com,Washing machine,Lahore,Female
Linnie,79,lboysem8@constantcontact.com,Iron,Islamabad,Female
Clare,18,cjoblinm9@imageshack.us,Washing machine,Lahore,Female
Orly,22,ogillespiema@multiply.com,Air conditioner,Karachi,Female
Bertrando,47,bsimoneschimb@discovery.com,Iron,Islamabad,Male
Lisbeth,50,lfildesmc@cmu.edu,Dishwasher,Multan,Female
Winston,55,webhardtmd@tumblr.com,Dishwasher,Islamabad,Male
Michele,47,mdrewesme@macromedia.com,Coffee maker,Multan,Male
Vivie,68,vhamberstonmf@indiatimes.com,Washing machine,Lahore,Female
Rosabelle,47,rpeyzermg@techcrunch.com,Microwave,Islamabad,Female
Rasla,30,rbrimilcomemh@delicious.com,Refrigerator,Karachi,Female
Nicholas,32,nfrancecionemi@scientificamerican.com,Oven/stove,Multan,Male
Margalo,71,mdelongmj@cbsnews.com,Washing machine,Multan,Female
Mace,40,mhoutenmk@archive.org,Washing machine,Multan,Male
Dennis,68,dtrenouthml@dell.com,Microwave,Multan,Male
Gale,78,ggaythwaitemm@indiegogo.com,Iron,Islamabad,Female
Janith,59,jeliezmn@edublogs.org,Dishwasher,Lahore,Female
Stevie,40,sdallewatermo@usa.gov,Dishwasher,Karachi,Male
Theodor,61,tcliftonmp@wisc.edu,Vacuum cleaner,Lahore,Male
Diane-marie,41,dpeersmq@naver.com,Microwave,Islamabad,Female
Faye,46,foglethorpemr@paginegialle.it,Blender,Karachi,Female
Ilsa,37,ikennermannms@1und1.de,Iron,Islamabad,Female
Maryjane,39,mfiorentinomt@scientificamerican.com,Refrigerator,Karachi,Female
Clifford,77,csheircliffemu@slashdot.org,Microwave,Karachi,Male
Renard,33,rdannelmv@devhub.com,Air conditioner,Multan,Male
Angelia,23,aduellmw@amazonaws.com,Washing machine,Lahore,Female
Fred,37,fkalewemx@mozilla.org,Refrigerator,Multan,Female
Anallise,78,aroysemy@examiner.com,Refrigerator,Islamabad,Female
Berthe,54,brenvoisemz@quantcast.com,Blender,Lahore,Female
Annissa,59,aelbyn0@ucoz.ru,Washing machine,Karachi,Female
Philis,72,pstroobandn1@usgs.gov,Oven/stove,Lahore,Female
Dave,76,ddansonn2@chicagotribune.com,Oven/stove,Multan,Male
Elston,74,ecaldwalln3@bandcamp.com,Vacuum cleaner,Multan,Male
Osbert,48,ofinessyn4@alibaba.com,Refrigerator,Multan,Male
Kathlin,35,kcaltonn5@prweb.com,Air conditioner,Multan,Female
Brandy,25,bhogbournen6@gnu.org,Coffee maker,Multan,Male
Cordelie,47,cpitbladon7@wired.com,Vacuum cleaner,Multan,Female
Valera,35,vbeaudryn8@live.com,Oven/stove,Multan,Female
Allin,51,asesonn9@jigsy.com,Iron,Karachi,Male
Ezechiel,36,ebruinna@creativecommons.org,Iron,Karachi,Male
Gav,77,ggullynb@altervista.org,Washing machine,Lahore,Male
Consalve,50,cgarmentnc@oracle.com,Washing machine,Lahore,Male
Berny,80,bstilgoend@nbcnews.com,Blender,Islamabad,Male
Dulcie,70,ddrakesne@yahoo.com,Iron,Lahore,Female
Ardelis,31,amontfordnf@tripod.com,Vacuum cleaner,Karachi,Female
Gerik,80,glefriecng@admin.ch,Vacuum cleaner,Lahore,Male
Wyatt,41,whakkingnh@a8.net,Dishwasher,Islamabad,Male
William,43,wcunniffeni@vkontakte.ru,Iron,Karachi,Male
Ignatius,60,ibyngnj@dmoz.org,Microwave,Karachi,Male
Nichole,76,nduftynk@dailymotion.com,Air conditioner,Lahore,Male
Alysia,38,afayersnl@bluehost.com,Air conditioner,Islamabad,Female
Olwen,22,ocorradinm@webs.com,Air conditioner,Lahore,Female
Bevan,33,blawleffnn@nbcnews.com,Vacuum cleaner,Multan,Male
Starlin,21,scaddno@comcast.net,Microwave,Karachi,Female
Geoffrey,64,gmcinilitynp@discuz.net,Iron,Lahore,Male
Antonio,82,acourtoisnq@creativecommons.org,Washing machine,Karachi,Male
Dre,82,dkinlochnr@sciencedaily.com,Vacuum cleaner,Karachi,Female
Richmond,47,rpaolinons@slate.com,Dishwasher,Karachi,Male
Fredrika,65,fsoppnt@wired.com,Coffee maker,Multan,Female
Reba,30,rkortnu@wp.com,Refrigerator,Islamabad,Female
Herold,75,hseverynv@prnewswire.com,Dishwasher,Islamabad,Male
Lyndel,65,ltantnw@delicious.com,Air conditioner,Karachi,Female
Janifer,64,jraulinnx@upenn.edu,Blender,Karachi,Female
Traci,51,traesideny@reuters.com,Refrigerator,Karachi,Female
Roderich,25,rparradyenz@weather.com,Iron,Islamabad,Male
Lucio,33,lstarckso0@ocn.ne.jp,Microwave,Lahore,Male
Joanna,54,jfullerdo1@fastcompany.com,Vacuum cleaner,Islamabad,Female
Francoise,79,fharoldo2@joomla.org,Air conditioner,Karachi,Female
Luella,54,lkaspero3@dmoz.org,Air conditioner,Islamabad,Female
Hugues,61,hdurranceo4@diigo.com,Blender,Multan,Male
Em,18,emacgilfoyleo5@odnoklassniki.ru,Iron,Multan,Female
Kessiah,27,ktomeso6@rediff.com,Coffee maker,Multan,Female
Hyacinthe,32,hmaclaigo7@ucla.edu,Washing machine,Islamabad,Female
Obadiah,31,ogatisso8@census.gov,Refrigerator,Lahore,Male
Rosetta,36,rbrislaneo9@last.fm,Oven/stove,Multan,Female
Dick,40,dhudeloa@technorati.com,Blender,Islamabad,Male
Ashly,41,aclampinob@sphinn.com,Coffee maker,Islamabad,Female
Kerwin,82,krueggoc@scientificamerican.com,Refrigerator,Lahore,Male
Kory,52,kwhinrayod@cpanel.net,Microwave,Karachi,Male
Pincus,73,pjanuarystoe@google.de,Blender,Multan,Male
Cassie,64,ckuhnhardtof@dropbox.com,Oven/stove,Lahore,Female
Fields,82,fqueyeiroog@google.com,Washing machine,Islamabad,Male
Dionne,27,dscarceoh@theatlantic.com,Washing machine,Multan,Female
Johnny,41,jthumimoi@smh.com.au,Air conditioner,Karachi,Male
Shara,27,stinemanoj@facebook.com,Oven/stove,Karachi,Female
Catha,46,clarnok@sciencedirect.com,Iron,Multan,Female
Elyssa,47,egerdingol@miitbeian.gov.cn,Microwave,Multan,Female
Klement,41,klazenbyom@hubpages.com,Vacuum cleaner,Lahore,Male
Carolann,22,cgarciaon@studiopress.com,Vacuum cleaner,Multan,Female
Frazer,19,fgiraudatoo@privacy.gov.au,Air conditioner,Islamabad,Male
Bartholomew,77,btealeop@go.com,Coffee maker,Multan,Male
Giraldo,82,geskrickoq@people.com.cn,Washing machine,Karachi,Male
Erica,45,edinisor@skyrock.com,Iron,Multan,Female
Angelika,61,abushenos@fastcompany.com,Iron,Lahore,Female
Felisha,75,fspottiswoodot@nymag.com,Air conditioner,Karachi,Female
Charla,40,chindsbergou@nsw.gov.au,Washing machine,Islamabad,Female
Hank,76,hsoppethov@fema.gov,Microwave,Islamabad,Male
Alfi,48,amonnellyow@drupal.org,Dishwasher,Multan,Female
Cynthy,44,clinceyox@vk.com,Blender,Karachi,Female
Cathee,34,cfarrisoy@angelfire.com,Refrigerator,Lahore,Female
Vincent,72,vbedingfieldoz@marketwatch.com,Iron,Multan,Male
Marcelo,35,mmullinp0@cargocollective.com,Dishwasher,Islamabad,Male
Rutter,62,rvassbenderp1@miibeian.gov.cn,Dishwasher,Multan,Male
Ambros,65,atinep2@epa.gov,Coffee maker,Islamabad,Male
Kendell,52,kjeanessonp3@ihg.com,Refrigerator,Karachi,Male
Roxana,65,rhackerp4@flavors.me,Vacuum cleaner,Multan,Female
Micaela,52,mpallinp5@slashdot.org,Oven/stove,Multan,Female
Haily,77,hcowterdp6@ezinearticles.com,Coffee maker,Multan,Female
Arluene,43,anixonp7@marriott.com,Washing machine,Lahore,Female
Barn,41,bdraiseyp8@jalbum.net,Dishwasher,Multan,Male
Oneida,50,olerigop9@webnode.com,Washing machine,Karachi,Female
Grenville,66,gbagottpa@theglobeandmail.com,Air conditioner,Lahore,Male
Freedman,37,fnewlingpb@ebay.com,Iron,Lahore,Male
Dillon,18,dpaunsfordpc@japanpost.jp,Refrigerator,Karachi,Male
Eric,57,ecroleypd@paginegialle.it,Blender,Karachi,Male
Rudd,64,radanetpe@lycos.com,Washing machine,Lahore,Male
Salvador,20,sjandelpf@yandex.ru,Washing machine,Karachi,Male
Barrett,45,baspitalpg@unicef.org,Refrigerator,Lahore,Male
Kippie,71,kpepyeph@oaic.gov.au,Dishwasher,Karachi,Male
Erasmus,68,erenahanpi@webs.com,Vacuum cleaner,Lahore,Male
Kari,29,khannampj@nationalgeographic.com,Coffee maker,Karachi,Female
Glenna,71,gfarmerypk@google.ca,Air conditioner,Karachi,Female
Silvanus,42,sbarnwallpl@google.co.uk,Washing machine,Karachi,Male
Lindsay,19,ljointpm@prnewswire.com,Coffee maker,Lahore,Female
Neils,45,ndebernardispn@imgur.com,Oven/stove,Lahore,Male
Joan,63,jferrollipo@arizona.edu,Vacuum cleaner,Multan,Female
Damien,65,ddebnampp@newsvine.com,Oven/stove,Karachi,Male
Justinian,46,jwelchmanpq@hud.gov,Air conditioner,Lahore,Male
Elden,45,eburstowpr@fc2.com,Air conditioner,Multan,Male
Cyril,44,cnazarethps@theglobeandmail.com,Dishwasher,Karachi,Male
Dougy,42,dducarmept@apple.com,Air conditioner,Karachi,Male
Montague,45,mvongladbachpu@4shared.com,Vacuum cleaner,Multan,Male
Isa,42,ithechampv@bigcartel.com,Washing machine,Islamabad,Male
Sigfried,22,swoolenspw@cisco.com,Refrigerator,Islamabad,Male
Gusty,56,gfoalepx@java.com,Washing machine,Multan,Female
Gerrard,45,gmatushevichpy@netscape.com,Microwave,Lahore,Male
Kimmi,52,kbaumberpz@mapquest.com,Air conditioner,Islamabad,Female
Aguste,77,afelderq0@deviantart.com,Vacuum cleaner,Lahore,Male
Alaine,42,agasonq1@cmu.edu,Washing machine,Lahore,Female
Melicent,43,mcrankeq2@hc360.com,Vacuum cleaner,Lahore,Female
Ogdan,26,omaddickq3@cisco.com,Vacuum cleaner,Multan,Male
Carine,41,cmingayq4@discuz.net,Microwave,Islamabad,Female
Oralla,82,orowesbyq5@hatena.ne.jp,Dishwasher,Karachi,Female
Richmound,37,rsatyfordq6@buzzfeed.com,Air conditioner,Karachi,Male
Marice,19,mscamerdineq7@admin.ch,Coffee maker,Multan,Female
Lira,50,lwillstropq8@cbc.ca,Washing machine,Multan,Female
Huntley,75,hgellandq9@wunderground.com,Blender,Multan,Male
Di,77,dosseltonqa@artisteer.com,Refrigerator,Multan,Female
Kendell,31,kboweringqb@spotify.com,Washing machine,Karachi,Male
Chantalle,83,chritzkoqc@cbsnews.com,Iron,Lahore,Female
Forster,73,fvasilyonokqd@simplemachines.org,Dishwasher,Lahore,Male
Roger,31,rbloxsumqe@paginegialle.it,Refrigerator,Multan,Male
Zechariah,76,zthainqf@weather.com,Air conditioner,Lahore,Male
Gifford,53,gworlandqg@shutterfly.com,Air conditioner,Lahore,Male
Valery,44,vgolsworthyqh@auda.org.au,Iron,Islamabad,Female
Silvano,79,spriggqi@lulu.com,Vacuum cleaner,Islamabad,Male
Osbourn,62,osnoxellqj@si.edu,Iron,Multan,Male
Tuck,39,tcabedoqk@china.com.cn,Vacuum cleaner,Lahore,Male
Brendin,63,bcorcoranql@hexun.com,Microwave,Multan,Male
Nikolas,31,nraittqm@huffingtonpost.com,Air conditioner,Lahore,Male
Butch,33,bdaenqn@army.mil,Blender,Lahore,Male
Rusty,27,ralbanqo@t.co,Coffee maker,Lahore,Male
Thayne,63,tseidqp@xrea.com,Washing machine,Lahore,Male
Darb,63,dgeffenqq@guardian.co.uk,Oven/stove,Multan,Male
Traver,48,tburdasqr@usa.gov,Washing machine,Lahore,Male
Corbin,61,cshowersqs@digg.com,Blender,Islamabad,Male
Harbert,66,hogroganeqt@sohu.com,Oven/stove,Islamabad,Male
Jason,76,jzambonqu@home.pl,Blender,Multan,Male
Norbert,75,nbellfieldqv@rediff.com,Washing machine,Karachi,Male
Gertie,83,gaykroydqw@rediff.com,Washing machine,Islamabad,Female
Dale,53,dgroundwaterqx@barnesandnoble.com,Oven/stove,Multan,Female
Bo,51,bromaqy@cnet.com,Blender,Multan,Male
Jessalyn,76,jlegonidecqz@myspace.com,Oven/stove,Islamabad,Female
Ronnie,51,rbarkusr0@google.com.au,Oven/stove,Karachi,Female
Evan,51,ekellingr1@mashable.com,Iron,Multan,Male
Shelly,46,scooper2@wordpress.com,Coffee maker,Multan,Female
Edwin,65,ejoanicr3@irs.gov,Vacuum cleaner,Islamabad,Male
Timothy,78,tmagorr4@google.com.au,Oven/stove,Lahore,Male
Darrel,27,dohrtr5@globo.com,Coffee maker,Lahore,Male
Giralda,30,gmckertonr6@meetup.com,Microwave,Multan,Female
Purcell,24,pjirickr7@scientificamerican.com,Blender,Islamabad,Male
Issi,33,icurrr8@earthlink.net,Air conditioner,Multan,Female
Averell,25,aharriotr9@go.com,Iron,Islamabad,Male
Mufi,82,mmendesra@weebly.com,Iron,Multan,Female
Kaylil,39,ksearlerb@unesco.org,Washing machine,Multan,Female
Rab,49,rluxenrc@ehow.com,Microwave,Karachi,Male
Jehu,51,jmccaffreyrd@soup.io,Oven/stove,Multan,Male
Adele,84,atarbattre@jalbum.net,Washing machine,Karachi,Female
Ibrahim,21,ihertwellrf@trellian.com,Oven/stove,Lahore,Male
Heinrik,27,handrinirg@dmoz.org,Washing machine,Karachi,Male
Hadlee,74,hbarenserh@chronoengine.com,Refrigerator,Islamabad,Male
Frederich,30,fmollinri@noaa.gov,Blender,Lahore,Male
Hewe,33,hminithorperj@hibu.com,Refrigerator,Islamabad,Male
Cortie,82,cshirtclifferk@uol.com.br,Oven/stove,Lahore,Male
Debbie,38,dcroasdalerl@naver.com,Coffee maker,Islamabad,Female
Farleigh,52,fvogelrm@webmd.com,Coffee maker,Lahore,Male
Natalee,49,nswiggrn@twitpic.com,Microwave,Lahore,Female
Margeaux,32,mbehrendro@scribd.com,Iron,Multan,Female
Lari,70,lspykinsrp@fastcompany.com,Iron,Karachi,Female
Wynn,25,wkennawayrq@msn.com,Iron,Karachi,Female
Devin,68,dclynmansrr@1und1.de,Coffee maker,Karachi,Male
